SUBSIDIARY_NAME,STRATEGIC_CITY_NAME,PRODUCT3_CODE,PRODUCT3_NAME,PRODUCT4_CODE,PRODUCT4_NAME,SVC_PRODUCT_GROUP_NAME,MODEL_CODE,RECEIPT_DETAIL_SYMPTOM,RECEIPT_DETAIL_SYMPTOM_CODE,GSFS_RECEIPT_NO,SERVICE_PRODUCT_GROUP_CODE,SERVICE_PRODUCT_CODE,SVC_PRODUCT_NAME,SVC_RECEIPT_TYPE,SVC_STATUS_CODE_GERP,REPAIR_RECEIPT_DATE_YYYYMMDD,REPAIR_END_DATE_YYYYMMDD,REPAIR_RECEIPT_TIMESTAMP,REPAIR_START_TIMESTAMP,REPAIR_END_TIMESTAMP,FIRST_PROMISE_TIMESTAMP,PROMISE_TIMESTAMP,RECEIPT_METHOD,SVC_ENGINEER_NAME,SVC_ENGINEER_CODE,SVC_CENTER_TYPE_ORIG,SVC_CENTER_TYPE,STATE_NAME,CITY_NAME,POSTAL_CODE,ADDRESS_LINE1_INFO,address_key,matched_address,match_indicator,match_type,latitude,longitude,census_state_fips,census_county_fips,census_tract,census_block,geocoded_date,source,service_date,is_heavy_repair,service_time_min,is_tv_job,service_date_key,region_seq,new_region_name,tv_priority,heavy_priority,service_time_priority,assigned_sm_code,assigned_sm_name,assigned_center_type,home_start_longitude,home_start_latitude,visit_seq,travel_time_from_prev_min,visit_start_time,visit_end_time,lunch_applied,route_distance_km,route_duration_min
LGEAI,"Atlanta, GA",RFBFFD,French Door Drawer,RFBFFD3D,3D F/D Drawer,Refrigerator,LHFS28XBS,Not making enough ice [Craft],3IIIFIK,RNN260218065912,REF,FRD,French Door,CIC Transfer,OPEN,20260218,20260303,46:00.0,00:00.0,00:00.0,00:00.0,00:00.0,Web,SelfRepair,YAI117205,Affiliate,Affiliate,GA,KENNESAW,30152,2591 Bartleson Dr,2591 BARTLESON DR|KENNESAW|GA|30152|USA,"2591 BARTLESON DR NW, KENNESAW, GA, 30152",Match,Non_Exact,33.983717007743,-84.627431853778,13.0,67.0,30250.0,1002.0,2026-03-18,us_census_geocoder,2026-03-03,True,100,False,2026-03-03,1,Atlanta New Region 1,0,1,100,AI102087,Marcus Harmon,DMS,-84.748964265659,33.928986364898,1,18.02,09:18,10:58,False,15.92,18.02
LGEAI,"Atlanta, GA",RFBFFD,French Door Drawer,RFBFFD3D,3D F/D Drawer,Refrigerator,LHFS28XBS,Not making enough ice [Craft],3IIIFIK,RNN260224092945,REF,FRD,French Door,CIC Transfer,OPEN,20260224,20260303,17:00.0,00:00.0,00:00.0,00:00.0,00:00.0,Web,SelfRepair,YAI117205,Affiliate,Affiliate,GA,DACULA,30019,1429 Drowning Creek Rd,1429 DROWNING CREEK RD|DACULA|GA|30019|USA,"1429 DROWNING CREEK RD, DACULA, GA, 30019",Match,Exact,33.969170434289,-83.850407942836,13.0,135.0,50623.0,3001.0,2026-03-18,us_census_geocoder,2026-03-03,True,100,False,2026-03-03,2,Atlanta New Region 2,0,1,100,AI102315,Winston Perez,DMS,-83.798998485556,33.949958875921,1,8.42,09:08,10:48,False,68.07,66.53
LGEAI,"Atlanta, GA",RFBFFD,French Door Drawer,RFBFFD4D,4D F/D Drawer,Refrigerator,LRMXS2806S,Not making enough ice [Craft],3IIIFIK,RNN260219070328,REF,FRD,French Door,CIC Transfer,OPEN,20260219,20260303,46:00.0,00:00.0,00:00.0,00:00.0,00:00.0,Web,SelfRepair,YAI117205,Affiliate,Affiliate,GA,ARNOLDSVILLE,30619,2568 Wire Bridge Rd,2568 WIRE BRIDGE RD|ARNOLDSVILLE|GA|30619|USA,"2568 WIRE BRIDGE RD, ARNOLDSVILLE, GA, 30619",Match,Exact,33.833673535121,-83.281523586336,13.0,221.0,960300.0,1052.0,2026-03-18,us_census_geocoder,2026-03-03,True,100,False,2026-03-03,2,Atlanta New Region 2,0,1,100,AI102315,Winston Perez,DMS,-83.798998485556,33.949958875921,2,56.22,12:44,14:24,True,68.07,66.53
LGEAI,"Atlanta, GA",RFBFFD,French Door Drawer,RFBFFD3D,3D F/D Drawer,Refrigerator,LFXS30726S,Refrigerator: Not Cooling,1FFFWFJ,RNN260226008388,REF,FRD,French Door,CIC Transfer,OPEN,20260226,20260303,02:10.0,30:00.0,35:00.0,00:00.0,00:00.0,Web,Frank Hooks,AI105116,DMS,DMS,GA,ACWORTH ,30101,5582 Forkwood Dr NW ACWORTH  30101,5582 FORKWOOD DR NW ACWORTH 30101|ACWORTH|GA|30101|USA,"5582 Forkwood Dr NW, Acworth, GA 30101, USA",Match,ROOFTOP,33.9941379,-84.7123773,,,,,2026-03-18,google_geocoding_api,2026-03-03,True,100,False,2026-03-03,1,Atlanta New Region 1,0,1,100,AI102448,Gilbert Dupree,DMS,-84.68736026055,33.936932039487,1,16.12,09:16,10:56,False,11.78,16.12
LGEAI,"Atlanta, GA",RFSSSS,SxS,RFSSSS27,SxS 27CU,Refrigerator,LHSXS2706S,Not making enough ice [Craft],3IIIFIK,RNN260227013326,REF,SBS,Side by Side,CIC Transfer,OPEN,20260227,20260303,51:00.0,00:00.0,00:00.0,00:00.0,00:00.0,Web,SelfRepair,YAI117205,Affiliate,Affiliate,GA,JEFFERSON,30549,161 River Glen Dr,161 RIVER GLEN DR|JEFFERSON|GA|30549|USA,"161 RIVER GLEN DR, JEFFERSON, GA, 30549",Match,Exact,34.120427424888,-83.473661775384,13.0,157.0,10500.0,3005.0,2026-03-18,us_census_geocoder,2026-03-03,True,100,False,2026-03-03,2,Atlanta New Region 2,0,1,100,AI102961,Nicholas Foskin,DMS,-83.991723522499,33.895481059397,1,68.84,10:08,11:48,True,75.0,68.84
LGEAI,"Atlanta, GA",RFBFFD,French Door Drawer,RFBFFD3D,3D F/D Drawer,Refrigerator,LHFS28XBS,Not making enough ice [Craft],3IIIFIK,RNN260225003391,REF,FRD,French Door,CIC Transfer,OPEN,20260225,20260303,47:00.0,00:00.0,00:00.0,00:00.0,00:00.0,Web,SelfRepair,YAI117205,Affiliate,Affiliate,GA,CANTON,30114,630 sunflower drive ,630 SUNFLOWER DRIVE|CANTON|GA|30114|USA,"630 SUNFLOWER DR, CANTON, GA, 30114",Match,Exact,34.283457018136,-84.453913744325,13.0,57.0,90402.0,2021.0,2026-03-18,us_census_geocoder,2026-03-03,True,100,False,2026-03-03,1,Atlanta New Region 1,0,1,100,AI102977,Yu Zheng,DMS,-84.451551533147,34.018539783845,1,38.57,09:38,11:18,False,40.61,38.57
LGEAI,"Atlanta, GA",RFBFFD,French Door Drawer,RFBFFD4D,4D F/D Drawer,Refrigerator,LF29H8330S,Not making enough ice [Craft],3IIIFIK,RNN260225003294,REF,FRD,French Door,CIC Transfer,OPEN,20260225,20260303,30:00.0,00:00.0,00:00.0,00:00.0,00:00.0,Web,SelfRepair,YAI117205,Affiliate,Affiliate,GA,CUMMING,30028,5545 Elmo Rd,5545 ELMO RD|CUMMING|GA|30028|USA,"5545 ELMO RD, CUMMING, GA, 30028",Match,Exact,34.300351585902,-84.154549427316,13.0,117.0,130203.0,1003.0,2026-03-18,us_census_geocoder,2026-03-03,True,100,False,2026-03-03,2,Atlanta New Region 2,0,1,100,AI103128,Ivan Zimic,DMS,-84.071245414198,34.34432048806,1,17.76,09:17,10:57,False,12.1,17.76
LGEAI,"Atlanta, GA",RFBFFD,French Door Drawer,RFBFFD4D,4D F/D Drawer,Refrigerator,LF29H8330S,Not making enough ice [Craft],3IIIFIK,RNN260213046235,REF,FRD,French Door,CIC Transfer,OPEN,20260213,20260304,35:00.0,00:00.0,00:00.0,00:00.0,00:00.0,Web,SelfRepair,YAI117205,Affiliate,Affiliate,GA,MARIETTA,30062,2680 Twin Creek Trace NE,2680 TWIN CREEK TRACE NE|MARIETTA|GA|30062|USA,"2680 TWIN CREEK TRCE NE, MARIETTA, GA, 30062",Match,Exact,34.014394591579,-84.451503459487,13.0,67.0,30359.0,3005.0,2026-03-18,us_census_geocoder,2026-03-04,True,100,False,2026-03-04,1,Atlanta New Region 1,0,1,100,40324200,John Park,DMS2,-84.47813351373067,34.0176835933354,1,5.43,09:05,10:45,False,3.24,5.43
LGEAI,"Atlanta, GA",WMWLTL,Clothes Washer_Top Loader,WMWLTLTA,Clothes Washer_Turbo Drum,Washing Machine,WT1701CV,,,RNN260221083167,WM,W/M,Top Loader,CIC Transfer,HOLD,20260221,20260304,26:00.0,03:00.0,55:00.0,00:00.0,00:00.0,Phone,Richardo Brooks,AI102933,DMS,DMS,GA,STONECREST,30038,4544 MOSSEY DR,4544 MOSSEY DR|STONECREST|GA|30038|USA,"4544 Mossey Dr, Stonecrest, GA 30038, USA",Match,ROOFTOP,33.6621104,-84.2072766,,,,,2026-03-18,google_geocoding_api,2026-03-04,False,45,False,2026-03-04,3,Atlanta New Region 3,0,0,45,AI005576,RUDY EDOLE,DMS,-84.2013870795,33.629797793466,1,9.32,09:09,09:54,False,7.58,9.32
LGEAI,"Atlanta, GA",WMWLFL,Clothes Washer_Front Loader,WMWLFLHA,Clothes Washer_Drum(DD),Washing Machine,WM3500CW,Rubber Gasket Replacement,3CCCICV,RNN260227013728,WM,DRW,Front Loader,CIC Transfer,OPEN,20260227,20260304,42:16.0,38:00.0,37:00.0,00:00.0,00:00.0,Web,Arthur Gloster,AI103146,DMS,DMS,GA,BUFORD,30518,6604 Barker Station Walk Buford 30518,6604 BARKER STATION WALK BUFORD 30518|BUFORD|GA|30518|USA,"6604 BARKER STATION WALK, BUFORD, GA, 30518",Match,Non_Exact,34.133129508931,-84.061196020163,13.0,135.0,50121.0,1001.0,2026-03-18,us_census_geocoder,2026-03-04,False,45,False,2026-03-04,2,Atlanta New Region 2,0,0,45,AI102315,Winston Perez,DMS,-83.798998485556,33.949958875921,1,42.3,09:42,10:27,False,39.25,42.3
LGEAI,"Atlanta, GA",RFBFFD,French Door Drawer,RFBFFD3D,3D F/D Drawer,Refrigerator,LFX28968ST,Water does not dispense,3IIIEID,RNN260228017119,REF,FRD,French Door,CIC Transfer,OPEN,20260228,20260304,09:27.0,00:00.0,00:00.0,00:00.0,00:00.0,Web,Marcus Harmon,AI102087,DMS,DMS,GA,ACWORTH,30144,109 Peregrine Way NW ACWORTH 30144,109 PEREGRINE WAY NW ACWORTH 30144|ACWORTH|GA|30144|USA,"109 Peregrine Way NE, Kennesaw, GA 30144, USA",Match,ROOFTOP,34.0728586,-84.55340989999999,,,,,2026-03-18,google_geocoding_api,2026-03-04,True,100,False,2026-03-04,1,Atlanta New Region 1,0,1,100,AI102448,Gilbert Dupree,DMS,-84.68736026055,33.936932039487,1,31.47,09:31,11:11,False,26.24,31.47
LGEAI,"Atlanta, GA",WMWLFL,Clothes Washer_Front Loader,WMWLFLHA,Clothes Washer_Drum(DD),Washing Machine,WM8980HVA,No Drum Spin [Humming Sound Only],2OOOLOF,RNN260228016247,WM,DRW,Front Loader,CIC Transfer,OPEN,20260228,20260304,10:00.0,00:00.0,00:00.0,00:00.0,00:00.0,Email,Marcus Harmon,AI102087,DMS,DMS,GA,ACWORTH,30101,"4409 Westside Dr  ACWORTH ,GA ,30101",4409 WESTSIDE DR|ACWORTH|GA|30101|USA,"4409 WESTSIDE DR, ACWORTH, GA, 30101",Match,Exact,34.061715126146,-84.669407017626,13.0,67.0,30111.0,1030.0,2026-03-18,us_census_geocoder,2026-03-04,False,45,False,2026-03-04,1,Atlanta New Region 1,0,0,45,AI102608,Sergey Ashihmin,DMS,-84.6247226,34.0992678,1,8.87,09:08,09:53,False,7.32,8.87
LGEAI,"Atlanta, GA",RFBFFD,French Door Drawer,RFBFFD4D,4D F/D Drawer,Refrigerator,LRMVS3006S,FF [Freezer Fan Motor],1PPPDPV,RNN260228016322,REF,FRD,French Door,CIC Transfer,OPEN,20260228,20260304,26:00.0,57:00.0,25:00.0,00:00.0,00:00.0,Phone,Richardo Brooks,AI102933,DMS,DMS,GA,LITHONIA,30058,2159 Strang Blvd,2159 STRANG BLVD|LITHONIA|GA|30058|USA,"2159 STRANG BLVD, LITHONIA, GA, 30058",Match,Exact,33.729740789649,-84.072678988758,13.0,89.0,23318.0,1010.0,2026-03-18,us_census_geocoder,2026-03-04,False,45,False,2026-03-04,3,Atlanta New Region 3,0,0,45,AI102933,Richardo Brooks,DMS,-83.972026,33.617583,1,21.07,09:21,10:06,False,22.01,21.07
LGEAI,"Atlanta, GA",WMWRWR,Clothes Dryer,WMWRWRCA,Clothes Dryer,Washing Machine,DLE6100W,Not Heating [Gas],1BBBGBT,RNN260228017135,WM,DRR,Laundry Dryer,SVC Receipt,OPEN,20260228,20260304,00:00.0,30:00.0,00:00.0,00:00.0,00:00.0,Phone,Nicholas Foskin,AI102961,DMS,DMS,GA,SNELLVILLE,30078,"1229 Heritage Hills Cir  SNELLVILLE ,GA ,30078",1229 HERITAGE HILLS CIR|SNELLVILLE|GA|30078|USA,"1229 Heritage Hills Cir, Snellville, GA 30078, USA",Match,ROOFTOP,33.8987057,-84.00947939999999,,,,,2026-03-18,google_geocoding_api,2026-03-04,False,45,False,2026-03-04,2,Atlanta New Region 2,0,0,45,AI102961,Nicholas Foskin,DMS,-83.991723522499,33.895481059397,1,7.0,09:06,09:51,False,3.8,7.0
LGEAI,"Atlanta, GA",RFBFFD,French Door Drawer,RFBFFD3D,3D F/D Drawer,Refrigerator,LRFDS3006S,Refrigerator: Not Cooling,1FFFWFJ,RNN260227009913,REF,FRD,French Door,CIC Transfer,OPEN,20260227,20260304,25:26.0,01:00.0,01:00.0,00:00.0,00:00.0,Web,Frank Hooks,AI105116,DMS,DMS,GA,MILTON,30009,333 Bailey Walk MILTON 30009,333 BAILEY WALK MILTON 30009|MILTON|GA|30009|USA,"333 BAILEY WALK, MILTON, GA, 30009",Match,Non_Exact,34.06916914497,-84.28990035384,13.0,121.0,11639.0,1013.0,2026-03-18,us_census_geocoder,2026-03-04,True,100,False,2026-03-04,1,Atlanta New Region 1,0,1,100,AI102977,Yu Zheng,DMS,-84.451551533147,34.018539783845,1,25.64,09:25,11:05,False,20.08,25.64
LGEAI,"Atlanta, GA",RFSSSS,SxS,RFSSSS27,SxS 27CU,Refrigerator,LHSXS2706S,Ice does not Dispense [Crushed],3IIIFAA,RNN260227013339,REF,SBS,Side by Side,CIC Transfer,OPEN,20260227,20260304,48:00.0,00:00.0,00:00.0,00:00.0,00:00.0,Others,Ivan Zimic,AI103128,DMS,DMS,GA,CLEVELAND,30528,"44 village ct CLEVELAND ,GA ,30528",44 VILLAGE CT|CLEVELAND|GA|30528|USA,"Cleveland, GA 30528, USA",Match,APPROXIMATE,34.5970402,-83.7632366,,,,,2026-03-18,google_geocoding_api,2026-03-04,True,100,False,2026-03-04,2,Atlanta New Region 2,0,1,100,AI103128,Ivan Zimic,DMS,-84.071245414198,34.34432048806,1,42.36,09:42,11:22,False,47.47,42.36
LGEAI,"Atlanta, GA",RFBFFD,French Door Drawer,RFBFFD3D,3D F/D Drawer,Refrigerator,LRYKS3106S,Rubber Seal is torn/missing,3HHHBHE,RNN260222084162,REF,FRD,French Door,CIC Transfer,OPEN,20260222,20260304,45:00.0,59:00.0,35:00.0,00:00.0,00:00.0,Email,Arthur Gloster,AI103146,DMS,DMS,GA,SUWANEE,30024,"7745 CAVENDISH PL  SUWANEE,GA,30024",7745 CAVENDISH PL|SUWANEE|GA|30024|USA,"7745 CAVENDISH PL, SUWANEE, GA, 30024",Match,Non_Exact,34.051388635746,-84.130097274862,13.0,121.0,11635.0,3005.0,2026-03-16,us_census_geocoder,2026-03-04,False,45,False,2026-03-04,2,Atlanta New Region 2,0,0,45,AI103146,Arthur Gloster,DMS,-84.2611806,34.11132010000001,1,19.04,09:19,10:04,False,75.56,73.84
LGEAI,"Atlanta, GA",CAMWOT,OTR_MWO,CAMWOTSF,Solo(OTR),Cooking Appliance,MVEM1825X,Not Powering On,1AEACAA,RNN260222084581,COK,OTR,OTR Microwave/Hood,CIC Transfer,OPEN,20260222,20260304,13:00.0,51:00.0,44:00.0,00:00.0,00:00.0,Live Chat,Arthur Gloster,AI103146,DMS,DMS,GA,SUGAR HILL,30518,"30518, 5530 Snowberry Drive, Sugar Hill, GA, USA SUGAR HILL 30518","30518, 5530 SNOWBERRY DRIVE, SUGAR HILL, GA, USA SUGAR HILL 30518|SUGAR HILL|GA|30518|USA","5530 SNOWBERRY DR, SUGAR HILL, GA, 30518",Match,Non_Exact,34.107673315107,-84.064954363677,13.0,135.0,50117.0,2013.0,2026-03-16,us_census_geocoder,2026-03-04,False,45,False,2026-03-04,2,Atlanta New Region 2,0,0,45,AI103146,Arthur Gloster,DMS,-84.2611806,34.11132010000001,2,16.59,10:20,11:05,False,75.56,73.84
LGEAI,"Atlanta, GA",WMWRWR,Clothes Dryer,WMWRWRCA,Clothes Dryer,Washing Machine,DLE7400VE,,,RNN260227014620,WM,DRR,Laundry Dryer,CIC Transfer,OPEN,20260227,20260304,47:00.0,00:00.0,00:00.0,00:00.0,00:00.0,Phone,Ivan Zimic,AI103128,DMS,DMS,GA,GAINESVILLE,30507,2318 BALDWIN FARMS DR,2318 BALDWIN FARMS DR|GAINESVILLE|GA|30507|USA,"2318 Baldwin Farms Dr, Gainesville, GA 30507, USA",Match,ROOFTOP,34.2603962,-83.7751842,,,,,2026-03-18,google_geocoding_api,2026-03-04,False,45,False,2026-03-04,2,Atlanta New Region 2,0,0,45,AI103146,Arthur Gloster,DMS,-84.2611806,34.11132010000001,3,34.96,12:40,13:25,True,75.56,73.84
LGEAI,"Atlanta, GA",RFBFFD,French Door Drawer,RFBFFD3D,3D F/D Drawer,Refrigerator,LRFXS3106S,Noise When Opening/Closing Door,2OOOYOY,RNN260225002886,REF,FRD,French Door,CIC Transfer,OPEN,20260225,20260304,18:00.0,11:00.0,58:00.0,00:00.0,00:00.0,Phone,Richard Grant,AI103317,DMS,DMS,GA,GRIFFIN,30223,"1705 GOVERNORS LN  GRIFFIN ,GA ,30223",1705 GOVERNORS LN|GRIFFIN|GA|30223|USA,"1705 GOVERNORS LN, GRIFFIN, GA, 30223",Match,Exact,33.256802417915,-84.31729775669,13.0,255.0,160500.0,2010.0,2026-03-18,us_census_geocoder,2026-03-04,False,45,False,2026-03-04,3,Atlanta New Region 3,0,0,45,AI103317,Richard Grant,DMS,-84.108908534098,33.363360215869,1,36.98,09:36,10:21,False,29.71,36.98
LGEAI,"Atlanta, GA",RFBFFD,French Door Drawer,RFBFFD3D,3D F/D Drawer,Refrigerator,LRFOC2606S,IF [Ice Maker Fan Motor],1PPPDPU,RNN260226004066,REF,FRD,French Door,CIC Transfer,OPEN,20260226,20260304,14:00.0,00:00.0,00:00.0,00:00.0,00:00.0,Email,RUDY EDOLE,AI005576,DMS,DMS,GA,ATLANTA,30316,"1160 Ormewood Ave SE Unit 3 ATLANTA ,GA ,30316",1160 ORMEWOOD AVE SE UNIT 3|ATLANTA|GA|30316|USA,"1160 ORMEWOOD AVE SE, ATLANTA, GA, 30316",Match,Exact,33.734147482744,-84.350073772296,13.0,121.0,5200.0,1008.0,2026-03-18,us_census_geocoder,2026-03-04,False,45,False,2026-03-04,3,Atlanta New Region 3,0,0,45,JMOTOS2,James Motos,DMS2,-84.39593123346576,33.60813735281191,1,22.75,09:22,10:07,False,22.57,22.75
LGEAI,"Atlanta, GA",WMWLTL,Clothes Washer_Top Loader,WMWLTLTA,Clothes Washer_Turbo Drum,Washing Machine,WT8405CW,Damaged Door/Lid Latch,3BBBHAC,RNN260223090894,WM,W/M,Top Loader,CIC Transfer,OPEN,20260223,20260305,14:39.0,00:00.0,48:00.0,00:00.0,00:00.0,Web,Frank Hooks,AI105116,DMS,DMS,GA,MARIETTA,30066,"4962 Falconwood Court, Marietta, GA, USA MARIETTA 30066","4962 FALCONWOOD COURT, MARIETTA, GA, USA MARIETTA 30066|MARIETTA|GA|30066|USA","4962 Falconwood Ct, Marietta, GA 30066, USA",Match,ROOFTOP,34.0744045,-84.4892758,,,,,2026-03-18,google_geocoding_api,2026-03-05,False,45,False,2026-03-05,1,Atlanta New Region 1,0,0,45,40324200,John Park,DMS2,-84.47813351373067,34.0176835933354,1,12.83,09:12,09:57,False,10.09,12.83
LGEAI,"Atlanta, GA",RFTMTM,TMNF,RFTMTMUA,Ultra X Large REF,Refrigerator,LTCS20020B,Refrigerator: Not Cooling,1GGGWGC,RNN260227014415,REF,REF,Top/Bottom Freezer,CIC Transfer,OPEN,20260227,20260305,06:00.0,55:00.0,49:00.0,00:00.0,00:00.0,Phone,Richardo Brooks,AI102933,DMS,DMS,GA,CONYERS,30013,"1736 Bob White Ln SE  Conyers, GA","1736 BOB WHITE LN SE CONYERS, GA|CONYERS|GA|30013|USA","1736 BOB WHITE LN SE, CONYERS, GA, 30013",Match,Non_Exact,33.643651797292,-84.008797152513,13.0,247.0,60305.0,1003.0,2026-03-18,us_census_geocoder,2026-03-05,True,100,False,2026-03-05,3,Atlanta New Region 3,0,1,100,AI005576,RUDY EDOLE,DMS,-84.2013870795,33.629797793466,1,28.1,09:28,11:08,False,27.74,28.1
LGEAI,"Atlanta, GA",RFSSSS,SxS,RFSSSS26,SxS 26CU,Refrigerator,LSXS26366D,Refrigerator: Not Cooling,1FFFWFJ,RNN260228017396,REF,SBS,Side by Side,CIC Transfer,OPEN,20260228,20260305,32:52.0,30:00.0,45:00.0,00:00.0,00:00.0,Web,Richardo Brooks,AI102933,DMS,DMS,GA,STONECREST,30058,5843 Hallwood Ct STONECREST 30058,5843 HALLWOOD CT STONECREST 30058|STONECREST|GA|30058|USA,"5843 HALLWOOD CT, STONECREST, GA, 30058",Match,Non_Exact,33.74283893118,-84.1492531541,13.0,89.0,23331.0,1001.0,2026-03-18,us_census_geocoder,2026-03-05,True,100,False,2026-03-05,3,Atlanta New Region 3,0,1,100,AI102933,Richardo Brooks,DMS,-83.972026,33.617583,1,25.42,09:25,11:05,False,25.69,25.42
LGEAI,"Atlanta, GA",WMWLTL,Clothes Washer_Top Loader,WMWLTLTA,Clothes Washer_Turbo Drum,Washing Machine,WT8200CW,Door Will not Close,3BBBHBS,RNN260228016768,WM,W/M,Top Loader,CIC Transfer,OPEN,20260228,20260305,23:00.0,32:00.0,32:00.0,00:00.0,00:00.0,Email,Yu Zheng,AI102977,DMS,DMS,GA,ATLANTA,30319,"3802 Ellsworth Way  ATLANTA ,GA ,30319",3802 ELLSWORTH WAY|ATLANTA|GA|30319|USA,"3802 Ellsworth Way, Atlanta, GA 30319, USA",Match,ROOFTOP,33.8965396,-84.3234028,,,,,2026-03-18,google_geocoding_api,2026-03-05,False,45,False,2026-03-05,1,Atlanta New Region 1,0,0,45,AI102977,Yu Zheng,DMS,-84.451551533147,34.018539783845,1,33.13,09:33,10:18,False,24.49,33.13
LGEAI,"Atlanta, GA",RFBFFD,French Door Drawer,RFBFFD3D,3D F/D Drawer,Refrigerator,LRFS28XBS,No Power,1RRRKRL,RNN260228015686,REF,FRD,French Door,CIC Transfer,OPEN,20260228,20260305,19:00.0,09:00.0,01:00.0,00:00.0,00:00.0,Phone,Richard Grant,AI103317,DMS,DMS,GA,FOREST PARK,30297,830 Dennis Dr,830 DENNIS DR|FOREST PARK|GA|30297|USA,"830 DENNIS DR, FOREST PARK, GA, 30297",Match,Exact,33.627679205152,-84.362677686559,13.0,63.0,40302.0,2006.0,2026-03-18,us_census_geocoder,2026-03-05,False,45,False,2026-03-05,3,Atlanta New Region 3,0,0,45,AI103261,Horace Bull,DMS,-84.179052980296,33.450883432924,1,28.57,09:28,10:13,False,50.79,52.72
LGEAI,"Atlanta, GA",WMWLCC,Clothes Washer_Laundry Center,WMWLCCLC,Clothes Stacked Washer Dryer,Washing Machine,WKEX200HBA,,,RNN260223088098,WM,DRC,Washer Dryer Combo/WashTower,CIC Transfer,OPEN,20260223,20260305,26:00.0,36:00.0,15:00.0,00:00.0,00:00.0,Phone,Jason Patterson,AI105115,DMS,DMS,GA,ATLANTA,30306,556 CRESTHILL AVE NE,556 CRESTHILL AVE NE|ATLANTA|GA|30306|USA,"556 CRESTHILL AVE NE, ATLANTA, GA, 30306",Match,Exact,33.784020879643,-84.368801170489,13.0,121.0,202.0,3006.0,2026-03-18,us_census_geocoder,2026-03-05,False,45,False,2026-03-05,3,Atlanta New Region 3,0,0,45,AI103261,Horace Bull,DMS,-84.179052980296,33.450883432924,2,23.36,10:36,11:21,False,50.79,52.72
LGEAI,"Atlanta, GA",CARNFR,Freestanding Range,CARNFRGO,Gas(Freestanding),Cooking Appliance,LDG4313ST,Others,7UJAFAA,RNN260225002644,COK,ELR,Electric Oven range,CIC Transfer,OPEN,20260225,20260305,57:00.0,04:00.0,39:00.0,00:00.0,00:00.0,Phone,Horace Bull,AI103261,DMS,DMS,GA,FAYETTEVILLE,30215,470 Virginia Highlands,470 VIRGINIA HIGHLANDS|FAYETTEVILLE|GA|30215|USA,"470 VIRGINA PARK, FAYETTEVILLE, GA, 30215",Match,Non_Exact,33.444531031495,-84.43216157045,13.0,113.0,140410.0,4002.0,2026-03-16,us_census_geocoder,2026-03-05,False,45,False,2026-03-05,3,Atlanta New Region 3,0,0,45,AI103317,Richard Grant,DMS,-84.108908534098,33.363360215869,1,45.62,09:45,10:30,False,44.18,45.62
LGEAI,"Atlanta, GA",RFBFFD,French Door Drawer,RFBFFD3D,3D F/D Drawer,Refrigerator,LRYKC2606S,Bad Tasting Water,3IIIEIA,RNN260227011583,REF,FRD,French Door,CIC Transfer,OPEN,20260227,20260305,40:00.0,00:00.0,00:00.0,00:00.0,00:00.0,Phone,Marcus Harmon,AI102087,DMS,DMS,GA,Marietta,30008,1709 Lansmere St SW,1709 LANSMERE ST SW|MARIETTA|GA|30008|USA,"1709 Lansmere St SW, Austell, GA 30106, USA",Match,RANGE_INTERPOLATED,33.8623033,-84.5999659,,,,,2026-03-18,google_geocoding_api,2026-03-05,False,45,False,2026-03-05,1,Atlanta New Region 1,0,0,45,AI105116,Frank Hooks,DMS,-84.700128091381,33.875496159031,1,15.84,09:15,10:00,False,12.23,15.84
LGEAI,"Atlanta, GA",RFSSSS,SxS,RFSSSS27,SxS 27CU,Refrigerator,LHSXS2706S,New Product Plastic Smell,2EEETEQ,RNN260222084447,REF,SBS,Side by Side,CIC Transfer,OPEN,20260222,20260305,23:00.0,46:00.0,58:00.0,00:00.0,00:00.0,Others,Gilbert Dupree,AI102448,DMS,DMS,GA,DOUGLASVILLE,30135,"4188 E Chapel Hill Rd  DOUGLASVILLE ,GA ,30135",4188 E CHAPEL HILL RD|DOUGLASVILLE|GA|30135|USA,"4188 E CHAPEL HILL RD, DOUGLASVILLE, GA, 30135",Match,Exact,33.678239456556,-84.711026965897,13.0,97.0,80515.0,2005.0,2026-03-18,us_census_geocoder,2026-03-05,False,45,False,2026-03-05,3,Atlanta New Region 3,0,0,45,JMOTOS2,James Motos,DMS2,-84.39593123346576,33.60813735281191,1,47.61,09:47,10:32,False,46.69,47.61
LGEAI,"Atlanta, GA",RFBFFD,French Door Drawer,RFBFFD4D,4D F/D Drawer,Refrigerator,LMXS30796S,CO [Communication],1PPPBPH,RNN260220080720,REF,FRD,French Door,CIC Transfer,OPEN,20260220,20260306,11:00.0,12:00.0,12:00.0,00:00.0,00:00.0,Phone,Horace Bull,AI103261,DMS,DMS,GA,TYRONE,30290,"155 Devonshire Pl  TYRONE ,GA ,30290",155 DEVONSHIRE PL|TYRONE|GA|30290|USA,"155 DEVONSHIRE PL, TYRONE, GA, 30290",Match,Exact,33.46314011639,-84.579076999553,13.0,113.0,140203.0,1030.0,2026-03-18,us_census_geocoder,2026-03-06,False,45,False,2026-03-06,3,Atlanta New Region 3,0,0,45,AI005576,RUDY EDOLE,DMS,-84.2013870795,33.629797793466,1,52.2,09:52,10:37,False,57.67,52.2
LGEAI,"Atlanta, GA",CAOVBI,Built-In Oven,CAOVBIDO,Double Oven,Cooking Appliance,WDEP9423D,Oven Light Not Working,3ADACAB,RNN260222084316,COK,BOR,Built-In Oven,CIC Transfer,OPEN,20260222,20260306,33:00.0,00:00.0,26:00.0,00:00.0,00:00.0,Email,Winston Perez,AI102315,DMS,DMS,GA,DACULA,30019,"1721 Winter Jasmine Dr  DACULA ,GA ,30019",1721 WINTER JASMINE DR|DACULA|GA|30019|USA,"1721 WINTER JASMINE DR, DACULA, GA, 30019",Match,Exact,34.059305481693,-83.892563929352,13.0,135.0,50618.0,3000.0,2026-03-18,us_census_geocoder,2026-03-06,False,45,False,2026-03-06,2,Atlanta New Region 2,0,0,45,AI102961,Nicholas Foskin,DMS,-83.991723522499,33.895481059397,1,34.0,09:34,10:19,False,27.34,34.0
LGEAI,"Atlanta, GA",RFBFFD,French Door Drawer,RFBFFD4D,4D F/D Drawer,Refrigerator,LRMDS3006S,Entire Unit: Not Cooling,1FFFVFH,RNN260224092682,REF,FRD,French Door,CIC Transfer,OPEN,20260224,20260306,47:00.0,55:00.0,50:00.0,00:00.0,00:00.0,Others,Gilbert Dupree,AI102448,DMS,DMS,GA,Fairburn,30213,4460 Challedon Drive Fairburn 30213,4460 CHALLEDON DRIVE FAIRBURN 30213|FAIRBURN|GA|30213|USA,"4460 CHALLEDON DR, FAIRBURN, GA, 30213",Match,Non_Exact,33.637962641046,-84.6297863566,13.0,121.0,10310.0,1006.0,2026-03-16,us_census_geocoder,2026-03-06,True,100,False,2026-03-06,3,Atlanta New Region 3,0,1,100,JMOTOS2,James Motos,DMS2,-84.39593123346576,33.60813735281191,1,35.16,09:35,11:15,False,51.17,54.07
LGEAI,"Atlanta, GA",CARNFR,Freestanding Range,CARNFREO,Electric(Freestanding),Cooking Appliance,LREL6325F,Double/Triple Element Overheating,1BAACAC,RNN260227010937,COK,ELR,Electric Oven range,CIC Transfer,OPEN,20260227,20260306,24:00.0,05:00.0,34:00.0,00:00.0,00:00.0,Phone,Gilbert Dupree,AI102448,DMS,DMS,GA,Douglasville,30135,2390 Fairburn Rd Lot 204,2390 FAIRBURN RD LOT 204|DOUGLASVILLE|GA|30135|USA,"2390 FAIRBURN RD, DOUGLASVILLE, GA, 30135",Match,Exact,33.740324741362,-84.678085195285,13.0,97.0,80203.0,3012.0,2026-03-18,us_census_geocoder,2026-03-06,False,45,False,2026-03-06,3,Atlanta New Region 3,0,0,45,JMOTOS2,James Motos,DMS2,-84.39593123346576,33.60813735281191,2,18.38,12:33,13:18,True,51.17,54.07
LGEAI,"Atlanta, GA",RFBFFD,French Door Drawer,RFBFFD4D,4D F/D Drawer,Refrigerator,LF30S8210S,Entire Unit: Not Cooling,1FFFVFH,RNN260228017156,REF,FRD,French Door,CIC Transfer,OPEN,20260228,20260309,30:00.0,17:00.0,12:00.0,00:00.0,00:00.0,Others,Gilbert Dupree,AI102448,DMS,DMS,GA,VILLA RICA,30180,7153 Tara Dr,7153 TARA DR|VILLA RICA|GA|30180|USA,"7153 TARA DR, VILLA RICA, GA, 30180",Match,Exact,33.650903031067,-84.928145191233,13.0,45.0,910706.0,1011.0,2026-03-18,us_census_geocoder,2026-03-09,True,100,False,2026-03-09,3,Atlanta New Region 3,0,1,100,AI005576,RUDY EDOLE,DMS,-84.2013870795,33.629797793466,1,88.58,10:28,12:08,True,97.79,88.58
LGEAI,"Atlanta, GA",WMWLFL,Clothes Washer_Front Loader,WMWLFLHS,Clothes Washer_Drum(DD)_Steam,Washing Machine,WM6998HBA,Leak Under the unit,2HHHHHV,RNN260228016791,WM,DRW,Front Loader,CIC Transfer,OPEN,20260228,20260309,30:35.0,00:00.0,00:00.0,00:00.0,00:00.0,Web,Marcus Harmon,AI102087,DMS,DMS,GA,WHITE OAK,30132,214 Stonewood Creek Dr,214 STONEWOOD CREEK DR|WHITE OAK|GA|30132|USA,"214 STONEWOOD CREEK DR, DALLAS, GA, 30132",Match,Non_Exact,34.026803318812,-84.748044072814,13.0,223.0,120107.0,1000.0,2026-03-18,us_census_geocoder,2026-03-09,False,45,False,2026-03-09,1,Atlanta New Region 1,0,0,45,AI102087,Marcus Harmon,DMS,-84.748964265659,33.928986364898,1,14.3,09:14,09:59,False,12.38,14.3
LGEAI,"Atlanta, GA",WMWRWR,Clothes Dryer,WMWRWRCA,Clothes Dryer,Washing Machine,DLE6100W,Noise During Drying [Squeaking/Squealing],2MMMXMR,RNN260227011045,WM,DRR,Laundry Dryer,SVC Receipt,OPEN,20260227,20260309,00:00.0,00:00.0,00:00.0,00:00.0,00:00.0,Phone,Nicholas Foskin,AI102961,DMS,DMS,GA,DEMOREST,30535,305 Parthenia Dr,305 PARTHENIA DR|DEMOREST|GA|30535|USA,"305 Parthenia Dr, Demorest, GA 30535, USA",Match,ROOFTOP,34.5468506,-83.5642672,,,,,2026-03-18,google_geocoding_api,2026-03-09,False,45,False,2026-03-09,2,Atlanta New Region 2,0,0,45,AI102961,Nicholas Foskin,DMS,-83.991723522499,33.895481059397,1,79.65,10:19,11:04,False,95.65,79.65
LGEAI,"Atlanta, GA",RFBFFD,French Door Drawer,RFBFFD4D,4D F/D Drawer,Refrigerator,LRMXS2806S,Not Making Ice (Craft or Standard),3IIIFAF,RNN260227013693,REF,FRD,French Door,SVC Receipt,OPEN,20260227,20260309,00:00.0,30:00.0,14:00.0,00:00.0,00:00.0,Phone,Nicholas Foskin,AI102961,DMS,DMS,GA,EAST ELLIJAY,30540,757 Berean Church Rd,757 BEREAN CHURCH RD|EAST ELLIJAY|GA|30540|USA,"757 BEREAN CHURCH RD, EAST ELLIJAY, GA, 30540",Match,Exact,34.593308509824,-84.586476963048,13.0,123.0,80401.0,2023.0,2026-03-18,us_census_geocoder,2026-03-09,False,45,False,2026-03-09,1,Atlanta New Region 1,0,0,45,AI102977,Yu Zheng,DMS,-84.451551533147,34.018539783845,1,79.83,10:19,11:04,False,91.47,79.83
